{
  "project_info": {
    "project_number": "949682174355",
    "project_id": "login-demo-13ed7",
    "storage_bucket": "login-demo-13ed7.appspot.com"
  },
  "client": [
    {
      "client_info": {
        "mobilesdk_app_id": "1:949682174355:android:41c8c019f9c84d11ed9066",
        "android_client_info": {
          "package_name": "com.example.login_demo"
        }
      },
      "oauth_client": [],
      "api_key": [
        {
          "current_key": "AIzaSyAshe5mSc6TJgB45eRSrY53uAnj0pnAi_0"
        }
      ],
      "services": {
        "appinvite_service": {
          "other_platform_oauth_client": []
        }
      }
    }
  ],
  "configuration_version": "1"
}